Workbook

Sheet 0_Scorecard
A2: State E-Waste Management Scorecard
B3: Live score out of 100, calculated from the 7 data sheets. Set benchmarks in the yellow 'Target/Benchmark' cells.
B5: STATE SCORE | D5: =ROUND(H17,1) -> 48.7 | F5: =_xlfn.IFS(H17>=85,"EXCELLENT",H17>=65,"GOOD",H17>=45,"NEEDS IMPROVEMENT",TRUE(),"CRITICAL") -> NEEDS IMPROVEMENT
B9: # | C9: Category | D9: Weight | E9: Benchmark / Target | F9: Achieved Value | G9: Achievement % | H9: Score Earned
B10: 1 | C10: Generation & Inventory | D10: 15 | E10: 31 | F10: =COUNTIF('1_Generation_Inventory'!C6:C36,"?*") -> 0 | G10: =IFERROR(MIN(F10/E10,1),0) -> 0 | H10: =ROUND(G10*D10,1) -> 0
B11: 2 | C11: Collection Performance | D11: 20 | E11: 0.35 | F11: =IFERROR('2_Collection_Log'!D38/'2_Collection_Log'!C38,0) -> 0.18158795 | G11: =IFERROR(MIN(F11/E11,1),0) -> 0.51882273 | H11: =ROUND(G11*D11,1) -> 10.4
B12: 3 | C12: Formal Recycling & Treatment | D12: 20 | E12: 1 | F12: =IFERROR(('3_Recycling_Infrastructure'!F28*1000)/'2_Collection_Log'!D38,0) -> 1.0995452 | G12: =IFERROR(MIN(F12/E12,1),0) -> 1 | H12: =ROUND(G12*D12,1) -> 20
B13: 4 | C13: Regulatory Compliance | D13: 15 | E13: 1 | F13: =IFERROR('4_Compliance_Tracker'!C28/'4_Compliance_Tracker'!C29,0) -> 0.625 | G13: =IFERROR(MIN(F13/E13,1),0) -> 0.625 | H13: =ROUND(G13*D13,1) -> 9.4
B14: 5 | C14: Informal Sector Integration | D14: 10 | E14: 1 | F14: =IFERROR((COUNTIF('5_Informal_Sector_Hotspots'!D6:D26,"*Formalized*")+COUNTIF('5_Informal_Sector_Hotspots'!D6:D26,"*Remediated*"))/'5_Informal_Sector_Hotspots'!C28,0) -> 0.16666667 | G14: =IFERROR(MIN(F14/E14,1),0) -> 0.16666667 | H14: =ROUND(G14*D14,1) -> 1.7
B15: 6 | C15: Environmental & Health Safeguards | D15: 10 | E15: 10 | F15: ='6_Env_Health_Monitoring'!C28 -> 6 | G15: =IFERROR(MIN(F15/E15,1),0) -> 0.6 | H15: =ROUND(G15*D15,1) -> 6
B16: 7 | C16: Awareness & Outreach | D16: 10 | E16: 50 | F16: ='7_Awareness_Programs'!C28 -> 6 | G16: =IFERROR(MIN(F16/E16,1),0) -> 0.12 | H16: =ROUND(G16*D16,1) -> 1.2
C17: TOTAL SCORE | D17: =SUM(D10:D16) -> 100 | H17: =SUM(H10:H16) -> 48.7
B19: Score Bands:
B20: 85-100 | C20: Excellent
B21: 65-84 | C21: Good
B22: 45-64 | C22: Needs Improvement
B23: 0-44 | C23: Critical

Sheet Instructions
A2: State E-Waste Management Tracker - Scoring Methodology
B4: A 100-point scorecard for monitoring state-level e-waste generation, collection, formal treatment, compliance, and health/environmental safeguards, in line with the E-Waste (Management) Rules, 2022 (CPCB, India).
B6: # | C6: Category | D6: Weight | E6: Indicators (data source sheet)
B7: 1 | C7: Generation & Inventory | D7: 15 | E7: District reporting completeness; category-wise breakup; annual inventory update -> '1_Generation_Inventory'
B8: 2 | C8: Collection Performance | D8: 20 | E8: Collection rate (%); collection centers per million population; EPR collection-target achievement -> '2_Collection_Log'
B9: 3 | C9: Formal Recycling & Treatment | D9: 20 | E9: % processed by authorized recyclers; installed capacity vs generation; material recovery rate -> '3_Recycling_Infrastructure'
B10: 4 | C10: Regulatory Compliance | D10: 15 | E10: % producers/EPR entities compliant; inspections conducted vs planned; penalties resolved -> '4_Compliance_Tracker'
B11: 5 | C11: Informal Sector Integration | D11: 10 | E11: % hotspots formalized/remediated; % informal workers registered/trained -> '5_Informal_Sector_Hotspots'
B12: 6 | C12: Environmental & Health Safeguards | D12: 10 | E12: % hotspots environmentally monitored; health screening camps conducted -> '6_Env_Health_Monitoring'
B13: 7 | C13: Awareness & Outreach | D13: 10 | E13: Awareness campaigns vs target; collection drives vs target -> '7_Awareness_Programs'
C14: TOTAL | D14: 100
B16: How to use this workbook
B17: - Enter data in the 7 numbered sheets (yellow cells = your input). Each sheet has one grey example row - replace/delete it.
B18: - Set your benchmarks/targets on the '0_Scorecard' sheet (yellow cells) - e.g. collection centers per million population, EPR targets, inspection/campaign targets.
B19: - The '0_Scorecard' sheet pulls live figures from all 7 sheets and computes the state's score out of 100 automatically. Do not overwrite formula cells.
B20: - Score bands (customisable on Scorecard): 85-100 Excellent | 65-84 Good | 45-64 Needs Improvement | Below 45 Critical.
B21: - Re-run this tracker every quarter/year to monitor trend - copy the Scorecard total into a tracking log for year-on-year comparison.

Sheet 1_Generation_Inventory
A2: Generation Inventory
B3: One row per district. Category-wise breakup based on E-Waste (Management) Rules, 2022, Schedule I (simplified).
B5: District | C5: Population | D5: IT & Telecom (kg) | E5: Consumer Electrical & Electronics (kg) | F5: Large & Small Equipment (kg) | G5: Lighting Equipment (kg) | H5: Batteries (kg) | I5: Other (kg) | J5: Total Generated (kg) | K5: Date Last Updated
B6: Bengaluru Urban | C6: 9621551 | D6: 48000000 | E6: 16000000 | F6: 8000000 | G6: 2400000 | H6: 4000000 | I6: 1600000 | J6: =SUM(D6:I6) -> 80000000 | K6: 31-10-2024
B7: Bengaluru Rural | C7: 990923 | D7: 6000000 | E7: 2000000 | F7: 1000000 | G7: 300000 | H7: 500000 | I7: 200000 | J7: =SUM(D7:I7) -> 10000000 | K7: 31-10-2024
B8: Mysuru | C8: 3001120 | D8: 1380000 | E8: 500000 | F8: 230000 | G8: 69000 | H8: 115000 | I8: 46000 | J8: =SUM(D8:I8) -> 2340000 | K8: 31-10-2024
B9: Tumakuru | C9: 2678980 | D9: 924000 | E9: 335000 | F9: 154000 | G9: 46200 | H9: 77000 | I9: 30800 | J9: =SUM(D9:I9) -> 1567000 | K9: 31-10-2024
B10: Kolar | C10: 1536401 | D10: 792000 | E10: 287000 | F10: 132000 | G10: 39600 | H10: 66000 | I10: 26400 | J10: =SUM(D10:I10) -> 1343000 | K10: 31-10-2024
B11: Dakshina Kannada | C11: 2089649 | D11: 1008000 | E11: 365000 | F11: 168000 | G11: 50400 | H11: 84000 | I11: 33600 | J11: =SUM(D11:I11) -> 1709000 | K11: 31-10-2024
B12: Belagavi | C12: 4778439 | D12: 900000 | E12: 326000 | F12: 150000 | G12: 45000 | H12: 75000 | I12: 30000 | J12: =SUM(D12:I12) -> 1526000 | K12: 31-10-2024
B13: Ballari | C13: 2452595 | D13: 720000 | E13: 261000 | F13: 120000 | G13: 36000 | H13: 60000 | I13: 24000 | J13: =SUM(D13:I13) -> 1221000 | K13: 31-10-2024
B14: Shivamogga | C14: 1752753 | D14: 420000 | E14: 152000 | F14: 70000 | G14: 21000 | H14: 35000 | I14: 14000 | J14: =SUM(D14:I14) -> 712000 | K14: 31-10-2024
B15: Kalaburagi | C15: 2566326 | D15: 480000 | E15: 174000 | F15: 80000 | G15: 24000 | H15: 40000 | I15: 16000 | J15: =SUM(D15:I15) -> 814000 | K15: 31-10-2024
B16: Chitradurga | C16: 1659456 | D16: 360000 | E16: 130000 | F16: 60000 | G16: 18000 | H16: 30000 | I16: 12000 | J16: =SUM(D16:I16) -> 610000 | K16: 31-10-2024
B17: Hassan | C17: 1776421 | D17: 336000 | E17: 122000 | F17: 56000 | G17: 16800 | H17: 28000 | I17: 11200 | J17: =SUM(D17:I17) -> 570000 | K17: 31-10-2024
... B36: Vijayanagara | C36: 1350000 | D36: 180000 | E36: 65000 | F36: 30000 | G36: 9000 | H36: 15000 | I36: 6000 | J36: =SUM(D36:I36) -> 305000 | K36: 31-10-2024
B38: STATE TOTAL | C38: =SUM(C6:C36) -> 62446811 | D38: =SUM(D6:D36) -> 65196000 | E38: =SUM(E6:E36) -> 22055000 | F38: =SUM(F6:F36) -> 10866000 | G38: =SUM(G6:G36) -> 3259800 | H38: =SUM(H6:H36) -> 5433000 | I38: =SUM(I6:I36) -> 2173200 | J38: =SUM(J6:J36) -> 108983000

Sheet 2_Collection_Log
A2: Collection Log
B3: One row per district. 'Generated' auto-pulls from Sheet 1 by district name - keep district names identical across sheets.
B5: District | C5: Generated (kg) [from Sheet 1] | D5: Collected (kg) | E5: Registered Collection Centers | F5: EPR Collection Target (kg) | G5: EPR Collection Achieved (kg) | H5: Remarks
B6: Bengaluru Urban | C6: =IFERROR(INDEX('1_Generation_Inventory'!$J$6:$J$36,MATCH(B6,'1_Generation_Inventory'!$B$6:$B$36,0)),0) -> 80000000 | D6: 16800000 | E6: 82 | F6: 20000000 | G6: 16800000 | H6: High corporate take-back compliance via PROs and direct contracts
B7: Bengaluru Rural | C7: =IFERROR(INDEX('1_Generation_Inventory'!$J$6:$J$36,MATCH(B7,'1_Generation_Inventory'!$B$6:$B$36,0)),0) -> 10000000 | D7: 1800000 | E7: 18 | F7: 2500000 | G7: 1800000 | H7: Industrial collection active in Dobbspet and Peenya corridors
B8: Mysuru | C8: =IFERROR(INDEX('1_Generation_Inventory'!$J$6:$J$36,MATCH(B8,'1_Generation_Inventory'!$B$6:$B$36,0)),0) -> 2340000 | D8: 280000 | E8: 6 | F8: 500000 | G8: 280000 | H8: Aptus E-Waste facility operating; partial municipal segregation
B9: Tumakuru | C9: =IFERROR(INDEX('1_Generation_Inventory'!$J$6:$J$36,MATCH(B9,'1_Generation_Inventory'!$B$6:$B$36,0)),0) -> 1567000 | D9: 190000 | E9: 4 | F9: 350000 | G9: 190000 | H9: Sheeltron facility hub active in Vasanthanarasapura
B10: Kolar | C10: =IFERROR(INDEX('1_Generation_Inventory'!$J$6:$J$36,MATCH(B10,'1_Generation_Inventory'!$B$6:$B$36,0)),0) -> 1343000 | D10: 160000 | E10: 3 | F10: 300000 | G10: 160000 | H10: Cerebra plant intake active; localized retail collection low
B11: Dakshina Kannada | C11: =IFERROR(INDEX('1_Generation_Inventory'!$J$6:$J$36,MATCH(B11,'1_Generation_Inventory'!$B$6:$B$36,0)),0) -> 1709000 | D11: 120000 | E11: 4 | F11: 400000 | G11: 120000 | H11: Port/coastal industrial scrap; limited retail collection nodes
B12: Belagavi | C12: =IFERROR(INDEX('1_Generation_Inventory'!$J$6:$J$36,MATCH(B12,'1_Generation_Inventory'!$B$6:$B$36,0)),0) -> 1526000 | D12: 85000 | E12: 3 | F12: 350000 | G12: 85000 | H12: Secondary scrap markets absorb tier-2 household flow
B13: Ballari | C13: =IFERROR(INDEX('1_Generation_Inventory'!$J$6:$J$36,MATCH(B13,'1_Generation_Inventory'!$B$6:$B$36,0)),0) -> 1221000 | D13: 60000 | E13: 2 | F13: 250000 | G13: 60000 | H13: Mining/industrial e-waste collected via bulk contracts
B14: Shivamogga | C14: =IFERROR(INDEX('1_Generation_Inventory'!$J$6:$J$36,MATCH(B14,'1_Generation_Inventory'!$B$6:$B$36,0)),0) -> 712000 | D14: 35000 | E14: 2 | F14: 150000 | G14: 35000 | H14: Informal aggregators intercept >90% of household waste
B15: Kalaburagi | C15: =IFERROR(INDEX('1_Generation_Inventory'!$J$6:$J$36,MATCH(B15,'1_Generation_Inventory'!$B$6:$B$36,0)),0) -> 814000 | D15: 30000 | E15: 2 | F15: 180000 | G15: 30000 | H15: Limited collection infrastructure; long transport routes
B16: Chitradurga | C16: =IFERROR(INDEX('1_Generation_Inventory'!$J$6:$J$36,MATCH(B16,'1_Generation_Inventory'!$B$6:$B$36,0)),0) -> 610000 | D16: 25000 | E16: 1 | F16: 120000 | G16: 25000 | H16: Intercepted by informal scrap dealers en route to Bengaluru
B17: Hassan | C17: =IFERROR(INDEX('1_Generation_Inventory'!$J$6:$J$36,MATCH(B17,'1_Generation_Inventory'!$B$6:$B$36,0)),0) -> 570000 | D17: 20000 | E17: 1 | F17: 120000 | G17: 20000 | H17: Periodic collection drives conducted by local NGOs
... B36: Vijayanagara | C36: =IFERROR(INDEX('1_Generation_Inventory'!$J$6:$J$36,MATCH(B36,'1_Generation_Inventory'!$B$6:$B$36,0)),0) -> 305000 | D36: 5000 | E36: 1 | F36: 60000 | G36: 5000 | H36: Developing district; establishing KSPCB collection nodes
B38: STATE TOTAL | C38: =SUM(C6:C36) -> 108983000 | D38: =SUM(D6:D36) -> 19790000 | E38: =SUM(E6:E36) -> 142 | F38: =SUM(F6:F36) -> 26550000 | G38: =SUM(G6:G36) -> 19790000

Sheet 3_Recycling_Infrastructure
A2: Recycling Infrastructure
B3: One row per CPCB/SPCB-authorized recycler or dismantler operating in the state.
B5: Recycler / Dismantler Name | C5: CPCB/SPCB Authorization No. | D5: District | E5: Installed Capacity (tonnes/yr) | F5: Quantity Processed This Year (tonnes) | G5: Material Recovery Rate (%) | H5: Authorization Valid Till
B6: Cerebra Integrated Technologies Ltd. | C6: KSPCB/EW/2018/AUT-0012 | D6: Kolar | E6: 90000 | F6: 11200 | G6: 0.885 | H6: 31-03-2027
B7: TES-AMM India Pvt. Ltd. | C7: KSPCB/EW/2017/AUT-0045 | D7: Bengaluru Rural | E7: 12000 | F7: 3100 | G7: 0.912 | H7: 31-12-2026
B8: E-Parisaraa Pvt. Ltd. | C8: KSPCB/EW/2005/AUT-0001 | D8: Bengaluru Rural | E8: 8800 | F8: 2450 | G8: 0.86 | H8: 30-09-2027
B9: KG Nandini Enterprises | C9: KSPCB/EW/2016/AUT-0089 | D9: Bengaluru Urban | E9: 7200 | F9: 1120 | G9: 0.825 | H9: 31-08-2026
B10: Sheeltron Digital Systems Pvt. Ltd. | C10: KSPCB/EW/2021/AUT-0156 | D10: Tumakuru | E10: 5000 | F10: 920 | G10: 0.89 | H10: 31-03-2028
B11: Ash Recyclers | C11: KSPCB/EW/2008/AUT-0023 | D11: Bengaluru Urban | E11: 3500 | F11: 480 | G11: 0.8 | H11: 30-06-2025
B12: Aptus E-Waste Recycling Pvt. Ltd. | C12: KSPCB/EW/2019/AUT-0112 | D12: Mysuru | E12: 2500 | F12: 290 | G12: 0.82 | H12: 31-10-2027
B13: Eco-Raksha Computer Services Pvt. Ltd. | C13: KSPCB/EW/2012/AUT-0067 | D13: Bengaluru Urban | E13: 2000 | F13: 180 | G13: 0.815 | H13: 31-01-2026
B14: E-Warrd Company | C14: KSPCB/EW/2015/AUT-0098 | D14: Bengaluru Urban | E14: 1500 | F14: 120 | G14: 0.79 | H14: 31-05-2026
B15: Nishanth Technologies | C15: KSPCB/EW/2014/AUT-0078 | D15: Bengaluru Urban | E15: 1000 | F15: 90 | G15: 0.785 | H15: 30-11-2025
B16: Other 44 Operational Facilities | C16: Various Authorized Lists | D16: Various | E16: 4500 | F16: 1810 | G16: 0.8 | H16: Various
B28: STATE TOTAL | E28: =SUM(E6:E26) -> 138000 | F28: =SUM(F6:F26) -> 21760 | G28: =IFERROR(AVERAGE(G6:G26),0) -> 0.83472727

Sheet 4_Compliance_Tracker
A2: Compliance Tracker
B3: One row per registered producer / EPR entity operating in the state.
B5: Producer / EPR Entity | C5: EPR Registration No. | D5: Compliance Status | E5: Inspection Planned (Y/N) | F5: Inspection Conducted (Y/N) | G5: Penalty / Show-Cause Issued (Y/N) | H5: Penalty Resolved (Y/N) | I5: Remarks
B6: Dell International Services India Pvt. Ltd. | C6: CPCB/EPR/2023/PRO-00124 | D6: Compliant | E6: Yes | F6: Yes | G6: No | H6: N/A | I6: Exceeded annual EPR collection target via authorized PROs
B7: HP India Sales Pvt. Ltd. | C7: CPCB/EPR/2023/PRO-00089 | D7: Compliant | E7: Yes | F7: Yes | G7: No | H7: N/A | I7: Closed-loop take-back system verified via audit logs
B8: Wipro Enterprises Pvt. Ltd. | C8: CPCB/EPR/2023/PRO-00456 | D8: Compliant | E8: Yes | F8: Yes | G8: No | H8: N/A | I8: Corporate IT asset disposition verified via formal returns
B9: Infosys Ltd. (Bulk Consumer) | C9: KSPCB/BC/2022/REG-00012 | D9: Compliant | E9: Yes | F9: Yes | G9: No | H9: N/A | I9: 100% formal disposal; certified data destruction records
B10: Acer India Pvt. Ltd. | C10: CPCB/EPR/2023/PRO-00312 | D10: Non-Compliant | E10: Yes | F10: Yes | G10: Yes | H10: Pending | I10: Issued show-cause notice for 18% target shortfall
B11: Lenovo India Pvt. Ltd. | C11: CPCB/EPR/2023/PRO-00215 | D11: Compliant | E11: Yes | F11: Yes | G11: No | H11: N/A | I11: Target achieved through authorized regional recyclers
B12: Regional OEM Assembly Enterprise A | C12: KSPCB/EPR/2024/ST-00045 | D12: Non-Compliant | E12: Yes | F12: Yes | G12: Yes | H12: Yes | I12: Paid fine of ₹1.5 lakh for delayed Form 4 return filing
B13: Regional OEM Assembly Enterprise B | C13: KSPCB/EPR/2024/ST-00078 | D13: Under Review | E13: Yes | F13: Pending | G13: No | H13: N/A | I13: Pending physical inspection and inventory verification
B28: Compliant | C28: =COUNTIF(D6:D26,"Compliant") -> 5
B29: Total Registered | C29: =COUNTA(B6:B26) -> 8
B30: Inspections Planned | C30: =COUNTIF(E6:E26,"Yes") -> 8
B31: Inspections Conducted | C31: =COUNTIF(F6:F26,"Yes") -> 7
B32: Penalties Issued | C32: =COUNTIF(G6:G26,"Yes") -> 2
B33: Penalties Resolved | C33: =COUNTIF(H6:H26,"Yes") -> 1

Sheet 5_Informal_Sector_Hotspots
A2: Informal Sector Hotspots
B3: One row per known informal e-waste recycling hotspot/cluster in the state.
B5: Hotspot / Informal Cluster Name | C5: District | D5: Status | E5: Estimated Informal Workers | F5: Workers Registered / Trained | G5: Formalization Action Taken | H5: Remarks
B6: Nayandahalli Scrap Yard Cluster | C6: Bengaluru Urban | D6: Unorganized | E6: 1200 | F6: 110 | G6: Skill training via GIZ/Saahas; collection hub proposed | H6: Primary hub for PCB desoldering, wire burning, copper recovery
B7: Goripalya (Gowripalya) Cluster | C7: Bengaluru Urban | D7: Unorganized | E7: 950 | F7: 65 | G7: Health camps held; enforcement drives conducted by SPCB | H7: Widespread manual acid leaching for gold recovery
B8: Jolly Mohalla Electronic Market | C8: Bengaluru Urban | D8: Partially Formalized | E8: 600 | F8: 140 | G8: Integrated as collection aggregators for authorized recyclers | H8: Major trading center for reusable computer parts and panels
B9: Old Market Scrap Yard | C9: Bengaluru Rural | D9: Unorganized | E9: 450 | F9: 35 | G9: Partial registration drive; preliminary site monitoring | H9: Open burning of insulated wiring and casing plastics
B10: Hubballi Twin-City Scrap Hub | C10: Dharwad | D10: Unorganized | E10: 350 | F10: 0 | G10: None to date; scheduled for future SPCB inspection | H10: Regional collection point supplying interstate informal networks
B11: Mysuru Mandi Mohalla Cluster | C11: Mysuru | D11: Unorganized | E11: 250 | F11: 20 | G11: NGO outreach conducted; basic awareness sessions held | H11: Dismantling of small appliances and CRT televisions
B28: Total Hotspots | C28: =COUNTA(B6:B26) -> 6
B29: Formalized/Remediated | C29: =COUNTIF(D6:D26,"Formalized")+COUNTIF(D6:D26,"Remediated") -> 0
B30: Estimated Workers (Total) | C30: =SUM(E6:E26) -> 3800
B31: Workers Registered/Trained (Total) | C31: =SUM(F6:F26) -> 370

Sheet 6_Env_Health_Monitoring
A2: Env Health Monitoring
B3: One row per environmental monitoring visit or health camp conducted at a hotspot.
B5: Site / Hotspot Monitored | C5: District | D5: Monitoring Type | E5: Date | F5: Result | G5: Health Camp Conducted (Y/N) | H5: Beneficiaries Screened | I5: Remarks
B6: Nayandahalli Industrial Area | C6: Bengaluru Urban | D6: Soil + Groundwater | E6: 14-05-2024 | F6: Exceeds limits (Pb, Cd, Cr6+) | G6: Yes | H6: 420 | I6: Soil lead levels exceed 650 mg/kg; SPCB plan issued
B7: Goripalya Scrap Cluster | C7: Bengaluru Urban | D7: Ambient Air + Water | E7: 22-06-2024 | F7: High airborne lead & dioxins | G7: Yes | H7: 380 | I7: Elevated blood lead levels (>10 µg/dL) in 34% of screened workers
B8: Vasanthanarasapura Corridor | C8: Tumakuru | D8: Surface Water | E8: 10-08-2024 | F8: Within permissible limits | G8: Yes | H8: 210 | I8: Baseline testing near Sheeltron facility; fully compliant
B9: Narasapura Industrial Estate | C9: Kolar | D9: Groundwater | E9: 18-09-2024 | F9: Within permissible limits | G9: No | H9: 0 | I9: Monitoring near Cerebra automated processing plant
B10: Dobbspet Industrial Zone | C10: Bengaluru Rural | D10: Soil + Effluent | E10: 05-10-2024 | F10: Trace metals; within norms | G10: Yes | H10: 150 | I10: Monitoring around E-Parisaraa and industrial recyclers
B11: Mandi Mohalla Scrap Area | C11: Mysuru | D11: Groundwater | E11: 12-10-2024 | F11: Slightly elevated copper & zinc | G11: No | H11: 0 | I11: Follow-up testing scheduled for local urban groundwater
B28: Distinct Sites Monitored | C28: =SUMPRODUCT((B6:B26<>"")/COUNTIF(B6:B26,B6:B26&"")) -> 6
B29: Health Camps Conducted | C29: =COUNTIF(F6:F26,"Yes") -> 0
B30: Total Beneficiaries Screened | C30: =SUM(G6:G26) -> 0

Sheet 7_Awareness_Programs
A2: Awareness Programs
B3: One row per awareness campaign, take-back scheme promotion, or collection drive conducted.
B5: Program Name | C5: District | D5: Date | E5: Type | F5: Target Audience | G5: Participants Reached
B6: School E-Waste Awareness Drive | C6: Bengaluru Urban | D6: 18-04-2024 | E6: School Collection Drive | F6: Students (Grades 6-12) | G6: 12500
B7: Corporate Asset Disposal Workshop | C7: Bengaluru Urban | D7: 12-05-2024 | E7: Industry Seminar | F7: IT/ITeS Facility Managers | G7: 450
B8: City E-Waste Take-Back Drive | C8: Bengaluru Urban | D8: 05-06-2024 | E8: RWA Take-Back Drive | F8: Apartment Associations | G8: 18000
B9: Mysuru Urban E-Waste Initiative | C9: Mysuru | D9: 15-07-2024 | E9: Municipal Collection Drive | F9: General Public & Retailers | G9: 3200
B10: Tier-2 E-Waste Outreach Campaign | C10: Tumakuru | D10: 22-08-2024 | E10: Community Awareness | F10: Small Businesses & Retailers | G10: 1800
B11: WEEE-Recycle Awareness Program | C11: Dharwad | D11: 10-09-2024 | E11: NGO Outreach | F11: Local Scrap Traders | G11: 350
B28: Total Programs Conducted | C28: =COUNTA(B6:B26) -> 6
B29: Collection Drives (School+RWA) | C29: =COUNTIF(D6:D26,"School Collection Drive")+COUNTIF(D6:D26,"RWA/Community Drive") -> 0
B30: Total Participants Reached | C30: =SUM(F6:F26) -> 0
